<?xml version="1.0" encoding="UTF-8"?>
<dgm:gDiagram xmlns:dgm="http://xmlns.oracle.com/sca/soadgm">
    <dgm:gService name="onboardingbpelprocess_client_ep">
        <dgm:body borderWidth="2" arcRad="20" X="21" Y="99" width="137" height="84">
            <dgm:borderColor r="153" g="153" b="153"/>
            <dgm:bgColor r="255" g="255" b="255"/>
        </dgm:body>
        <dgm:shadow arcRad="20" X="11" Y="92" width="156" height="98">
            <dgm:bgColor r="196" g="228" b="240"/>
        </dgm:shadow>
        <dgm:outputPort name="onboardingbpelprocess_client_ep" X="127" Y="0" diameter="20" imageURI="oracle/tip/tools/ide/fabric/resource/image/visuals_rd1/servicereference.png" interface="http://xmlns.oracle.com/Blockchain_OnBoarding/Employee_Onboarding/OnboardingBPELProcess#wsdl.interface(OnboardingBPELProcess)"/>
        <dgm:nodeIcon URI="/oracle/tip/tools/ide/adapters/designtime/adapter/images/soap_service_20x20.png" X="20" Y="4" width="20" height="20"/>
        <dgm:operations>
            <dgm:item>process</dgm:item>
        </dgm:operations>
    </dgm:gService>
    <dgm:gReference name="OBP_RestCall">
        <dgm:body borderWidth="2" arcRad="20" X="702" Y="26" width="136" height="84">
            <dgm:borderColor r="153" g="153" b="153"/>
            <dgm:bgColor r="255" g="255" b="255"/>
        </dgm:body>
        <dgm:shadow arcRad="20" X="692" Y="19" width="156" height="98">
            <dgm:bgColor r="196" g="228" b="240"/>
        </dgm:shadow>
        <dgm:inputPort name="OBP_RestCall" X="-10" Y="0" diameter="20" imageURI="oracle/tip/tools/ide/fabric/resource/image/visuals_rd1/servicereference.png" interface="WADLs/OBP_RestCall.wadl"/>
        <dgm:nodeIcon URI="/oracle/tip/tools/ide/adapters/designtime/adapter/images/RestAdapterService20x20px.png" X="27" Y="4" width="20" height="20"/>
        <dgm:policyIcon URI="oracle/tip/tools/ide/fabric/resource/image/visuals_rd1/locked_12x12.png" X="118" Y="8" width="12" height="12"/>
        <dgm:operations>
            <dgm:item>transaction</dgm:item>
        </dgm:operations>
    </dgm:gReference>
    <dgm:gReference name="RestCall2">
        <dgm:body borderWidth="2" arcRad="20" X="702" Y="144" width="136" height="84">
            <dgm:borderColor r="153" g="153" b="153"/>
            <dgm:bgColor r="255" g="255" b="255"/>
        </dgm:body>
        <dgm:shadow arcRad="20" X="692" Y="137" width="156" height="98">
            <dgm:bgColor r="196" g="228" b="240"/>
        </dgm:shadow>
        <dgm:inputPort name="RestCall2" X="-10" Y="0" diameter="20" imageURI="oracle/tip/tools/ide/fabric/resource/image/visuals_rd1/servicereference.png" interface="http://xmlns.oracle.com/Blockchain_OnBoarding/Employee_Onboarding/RestCall2#wsdl.interface(RestCall2_ptt)"/>
        <dgm:nodeIcon URI="/oracle/tip/tools/ide/adapters/designtime/adapter/images/RestAdapterService20x20px.png" X="27" Y="4" width="20" height="20"/>
        <dgm:policyIcon URI="oracle/tip/tools/ide/fabric/resource/image/visuals_rd1/locked_12x12.png" X="118" Y="8" width="12" height="12"/>
        <dgm:operations>
            <dgm:item>travsaction</dgm:item>
        </dgm:operations>
    </dgm:gReference>
    <dgm:gComponent name="OnboardingBPELProcess">
        <dgm:body borderWidth="2" arcRad="20" X="365" Y="84" width="130" height="86">
            <dgm:borderColor r="69" g="113" b="140"/>
            <dgm:lightBgColor r="166" g="208" b="230"/>
            <dgm:darkBgColor r="99" g="162" b="201"/>
        </dgm:body>
        <dgm:shadow arcRad="20" X="355" Y="77" width="150" height="102">
            <dgm:bgColor r="196" g="228" b="240"/>
        </dgm:shadow>
        <dgm:inputPort name="onboardingbpelprocess_client" X="-10" Y="15" diameter="20" imageURI="oracle/tip/tools/ide/fabric/resource/image/visuals_rd1/servicereference.png" interface="http://xmlns.oracle.com/Blockchain_OnBoarding/Employee_Onboarding/OnboardingBPELProcess#wsdl.interface(OnboardingBPELProcess)"/>
        <dgm:outputPort name="OBP_RestCall" X="120" Y="15" diameter="20" imageURI="oracle/tip/tools/ide/fabric/resource/image/visuals_rd1/servicereference.png" interface="WADLs/OBP_RestCall.wadl"/>
        <dgm:outputPort name="RestCall2" X="120" Y="40" diameter="20" imageURI="oracle/tip/tools/ide/fabric/resource/image/visuals_rd1/servicereference.png" interface="http://xmlns.oracle.com/Blockchain_OnBoarding/Employee_Onboarding/RestCall2#wsdl.interface(RestCall2_ptt)"/>
        <dgm:nodeIcon URI="/oracle/tip/tools/ide/bpel/shared/plugins/resources/images/soa/process_20x20.png" X="10" Y="4" width="20" height="20"/>
    </dgm:gComponent>
    <dgm:gWireLink source="onboardingbpelprocess_client_ep" target="OnboardingBPELProcess/onboardingbpelprocess_client" width="2">
        <dgm:gSegment X1="168" Y1="109" X2="355" Y2="109"/>
        <dgm:baseColor r="153" g="153" b="153"/>
        <dgm:selectedColor r="49" g="106" b="196"/>
    </dgm:gWireLink>
    <dgm:gWireLink source="OnboardingBPELProcess/OBP_RestCall" target="OBP_RestCall" width="2">
        <dgm:gSegment X1="505" Y1="109" X2="529" Y2="109"/>
        <dgm:gSegment X1="529" Y1="109" X2="529" Y2="36"/>
        <dgm:gSegment X1="529" Y1="36" X2="692" Y2="36"/>
        <dgm:baseColor r="153" g="153" b="153"/>
        <dgm:selectedColor r="49" g="106" b="196"/>
    </dgm:gWireLink>
    <dgm:gWireLink source="OnboardingBPELProcess/RestCall2" target="RestCall2" width="2">
        <dgm:gSegment X1="505" Y1="134" X2="529" Y2="134"/>
        <dgm:gSegment X1="529" Y1="134" X2="529" Y2="154"/>
        <dgm:gSegment X1="529" Y1="154" X2="692" Y2="154"/>
        <dgm:baseColor r="153" g="153" b="153"/>
        <dgm:selectedColor r="49" g="106" b="196"/>
    </dgm:gWireLink>
</dgm:gDiagram>