<?xml version="1.0" encoding="UTF-8" ?>
<!-- Generated by Oracle SOA Modeler version 12.2.1.3.0.170820 at [8/7/20 7:32 PM]. -->
<composite name="Employee_Onboarding"
           revision="1.0"
           label="2020-08-07_19-32-15_036"
           mode="active"
           state="on"
           xmlns="http://xmlns.oracle.com/sca/1.0"
           xmlns:xs="http://www.w3.org/2001/XMLSchema"
           xmlns:wsp="http://schemas.xmlsoap.org/ws/2004/09/policy"
           xmlns:orawsp="http://schemas.oracle.com/ws/2006/01/policy"
           xmlns:ui="http://xmlns.oracle.com/soa/designer/"
           xmlns:sca-ext="http://xmlns.oracle.com/sca/1.0-ext">
  <import namespace="http://xmlns.oracle.com/Blockchain_OnBoarding/Employee_Onboarding/OnboardingBPELProcess"
          location="WSDLs/OnboardingBPELProcess.wsdl" importType="wsdl"/>
  <import namespace="http://xmlns.oracle.com/Blockchain_OnBoarding/Employee_Onboarding/RestCall2"
          location="WSDLs/RestCall2.wsdl" importType="wsdl"/>
  <service name="onboardingbpelprocess_client_ep" ui:wsdlLocation="WSDLs/OnboardingBPELProcess.wsdl">
    <interface.wsdl interface="http://xmlns.oracle.com/Blockchain_OnBoarding/Employee_Onboarding/OnboardingBPELProcess#wsdl.interface(OnboardingBPELProcess)"/>
    <binding.ws port="http://xmlns.oracle.com/Blockchain_OnBoarding/Employee_Onboarding/OnboardingBPELProcess#wsdl.endpoint(onboardingbpelprocess_client_ep/OnboardingBPELProcess_pt)"/>
  </service>
  <property name="productVersion" type="xs:string" many="false">12.2.1.3.0.170820</property>
  <property name="compositeID" type="xs:string" many="false">2f7d1c5b-c7bd-4fb4-b344-8108fb6a9a38</property>
  <property name="auditLevel" many="false">Development</property>
  <component name="OnboardingBPELProcess" version="2.0">
    <implementation.bpel src="BPEL/OnboardingBPELProcess.bpel"/>
    <componentType>
      <service name="onboardingbpelprocess_client" ui:wsdlLocation="WSDLs/OnboardingBPELProcess.wsdl">
        <interface.wsdl interface="http://xmlns.oracle.com/Blockchain_OnBoarding/Employee_Onboarding/OnboardingBPELProcess#wsdl.interface(OnboardingBPELProcess)"/>
      </service>
      <reference name="OBP_RestCall">
        <interface.wadl interface="WADLs/OBP_RestCall.wadl"/>
      </reference>
      <reference name="RestCall2" ui:wsdlLocation="WSDLs/RestCall2.wsdl">
        <interface.wsdl interface="http://xmlns.oracle.com/Blockchain_OnBoarding/Employee_Onboarding/RestCall2#wsdl.interface(RestCall2_ptt)"/>
      </reference>
    </componentType>
    <property name="bpel.config.oneWayDeliveryPolicy" type="xs:string" many="false">async.persist</property>
  </component>
  <reference name="OBP_RestCall">
    <interface.wadl interface="WADLs/OBP_RestCall.wadl"/>
    <binding.rest config="WADLs/OBP_RestCall.wadl" location="https://150.136.237.189:10001"/>
  </reference>
  <reference name="RestCall2" ui:wsdlLocation="WSDLs/RestCall2.wsdl">
    <interface.wsdl interface="http://xmlns.oracle.com/Blockchain_OnBoarding/Employee_Onboarding/RestCall2#wsdl.interface(RestCall2_ptt)"/>
    <binding.rest config="WADLs/RestCall2.wadl" location="https://150.136.237.189:10001"/>
  </reference>
  <wire>
    <source.uri>onboardingbpelprocess_client_ep</source.uri>
    <target.uri>OnboardingBPELProcess/onboardingbpelprocess_client</target.uri>
  </wire>
  <wire>
    <source.uri>OnboardingBPELProcess/OBP_RestCall</source.uri>
    <target.uri>OBP_RestCall</target.uri>
  </wire>
  <wire>
    <source.uri>OnboardingBPELProcess/RestCall2</source.uri>
    <target.uri>RestCall2</target.uri>
  </wire>
</composite>
