<?xml version="1.0" encoding="UTF-8" ?>
<orawsp:wsm-assembly xmlns:orawsp="http://schemas.oracle.com/ws/2006/01/policy">
  <sca11:policySet xmlns:sca11="http://docs.oasis-open.org/ns/opencsa/sca/200912" name="policySet"
                   appliesTo="SCA-REST-REFERENCE()" attachTo="REFERENCE('OBP_RestCall')" orawsp:highId="2"
                   xml:id="SCA-REST-REFERENCE__REFERENCE__OBP_RestCall__">
    <wsp:PolicyReference xmlns:wsp="http://www.w3.org/ns/ws-policy"
                         DigestAlgorithm="http://www.w3.org/ns/ws-policy/Sha1Exc"
                         URI="oracle/http_basic_auth_over_ssl_client_policy" orawsp:status="enabled" orawsp:id="1">
      <orawsp:OverrideProperty xmlns:orawsp="http://schemas.oracle.com/ws/2006/01/policy" orawsp:name="csf-key"
                               orawsp:value="blockchainkey"/>
    </wsp:PolicyReference>
    <wsp:PolicyReference xmlns:wsp="http://www.w3.org/ns/ws-policy"
                         DigestAlgorithm="http://www.w3.org/ns/ws-policy/Sha1Exc" URI="oracle/log_policy"
                         orawsp:status="enabled" orawsp:id="2"/>
  </sca11:policySet>
  <sca11:policySet xmlns:sca11="http://docs.oasis-open.org/ns/opencsa/sca/200912" name="policySet"
                   appliesTo="SCA-REST-REFERENCE()" attachTo="REFERENCE('RestCall2')" orawsp:highId="2"
                   xml:id="SCA-REST-REFERENCE__REFERENCE__RestCall2__">
    <wsp:PolicyReference xmlns:wsp="http://www.w3.org/ns/ws-policy"
                         DigestAlgorithm="http://www.w3.org/ns/ws-policy/Sha1Exc"
                         URI="oracle/http_basic_auth_over_ssl_client_policy" orawsp:status="enabled" orawsp:id="1">
      <orawsp:OverrideProperty xmlns:orawsp="http://schemas.oracle.com/ws/2006/01/policy" orawsp:name="csf-key"
                               orawsp:value="blockchainkey"/>
    </wsp:PolicyReference>
    <wsp:PolicyReference xmlns:wsp="http://www.w3.org/ns/ws-policy"
                         DigestAlgorithm="http://www.w3.org/ns/ws-policy/Sha1Exc" URI="oracle/log_policy"
                         orawsp:status="enabled" orawsp:id="2"/>
  </sca11:policySet>
</orawsp:wsm-assembly>
